,id,release_date,movie,production_budget,domestic_gross_x,worldwide_gross,year_x,month,movie_and_year,profit,profit_margin,budget_tier,title,studio,domestic_gross_y,foreign_gross,year_y,movie_id,primary_title,original_title,start_year,runtime_minutes,genres
2,23,2017-04-14,The Fate of the Furious,250000000.0,225764765.0,1234846267.0,2017,Apr,The Fate of the Furious - 2017,984846267.0,79.75456486519872,super-high budget,The Fate of the Furious,Uni.,226000000.0,"1,010.0",2017,tt4630562,The Fate of the Furious,The Fate of the Furious,2017.0,136.0,"Action,Crime,Thriller"
3,34,2015-06-12,Jurassic World,215000000.0,652270625.0,1648854864.0,2015,Jun,Jurassic World - 2015,1433854864.0,86.96064737447989,super-high budget,Jurassic World,Uni.,652300000.0,"1,019.4",2015,tt0369610,Jurassic World,Jurassic World,2015.0,124.0,"Action,Adventure,Sci-Fi"
4,42,2018-02-16,Black Panther,200000000.0,700059566.0,1348258224.0,2018,Feb,Black Panther - 2018,1148258224.0,85.16604635226018,super-high budget,Black Panther,BV,700100000.0,646900000,2018,tt1825683,Black Panther,Black Panther,2018.0,134.0,"Action,Adventure,Sci-Fi"
5,44,2018-06-15,Incredibles 2,200000000.0,608581744.0,1242520711.0,2018,Jun,Incredibles 2 - 2018,1042520711.0,83.90368882953774,super-high budget,Incredibles 2,BV,608600000.0,634200000,2018,tt3606756,Incredibles 2,Incredibles 2,2018.0,118.0,"Action,Adventure,Animation"
6,46,2016-06-17,Finding Dory,200000000.0,486295561.0,1021215193.0,2016,Jun,Finding Dory - 2016,821215193.0,80.41548917692218,super-high budget,Finding Dory,BV,486300000.0,542300000,2016,tt2277860,Finding Dory,Finding Dory,2016.0,97.0,"Adventure,Animation,Comedy"
7,67,2015-04-03,Furious 7,190000000.0,353007020.0,1518722794.0,2015,Apr,Furious 7 - 2015,1328722794.0,87.48948782815201,super-high budget,Furious 7,Uni.,353000000.0,"1,163.0",2015,tt2820852,Furious 7,Furious Seven,2015.0,137.0,"Action,Crime,Thriller"
8,73,2015-11-25,The Good Dinosaur,187500000.0,123087120.0,333771037.0,2015,Nov,The Good Dinosaur - 2015,146271037.0,43.82376563128814,super-high budget,The Good Dinosaur,BV,123100000.0,209100000,2015,tt1979388,The Good Dinosaur,The Good Dinosaur,2015.0,93.0,"Adventure,Animation,Comedy"
11,84,2014-05-30,Maleficent,180000000.0,241407328.0,758536735.0,2014,May,Maleficent - 2014,578536735.0,76.27010114414564,super-high budget,Maleficent,BV,241400000.0,517100000,2014,tt1587310,Maleficent,Maleficent,2014.0,97.0,"Action,Adventure,Family"
17,98,2015-06-19,Inside Out,175000000.0,356461711.0,854235992.0,2015,Jun,Inside Out - 2015,679235992.0,79.51385780523282,super-high budget,Inside Out,BV,356500000.0,501100000,2015,tt2096673,Inside Out,Inside Out,2015.0,95.0,"Adventure,Animation,Comedy"
19,2,2017-11-22,Coco,175000000.0,209726015.0,798008101.0,2017,Nov,Coco - 2017,623008101.0,78.0703980597811,super-high budget,Coco,BV,209700000.0,597400000,2017,tt2380307,Coco,Coco,2017.0,105.0,"Adventure,Animation,Comedy"
20,2,2017-11-22,Coco,175000000.0,209726015.0,798008101.0,2017,Nov,Coco - 2017,623008101.0,78.0703980597811,super-high budget,Coco,BV,209700000.0,597400000,2017,tt7002100,Coco,Coco,2017.0,98.0,Horror
21,5,2017-06-16,Cars 3,175000000.0,152901115.0,383541369.0,2017,Jun,Cars 3 - 2017,208541369.0,54.372588162712645,super-high budget,Cars 3,BV,152900000.0,231000000,2017,tt3606752,Cars 3,Cars 3,2017.0,102.0,"Adventure,Animation,Comedy"
22,14,2014-08-01,Guardians of the Galaxy,170000000.0,333172112.0,770867516.0,2014,Aug,Guardians of the Galaxy - 2014,600867516.0,77.94692389139406,super-high budget,Guardians of the Galaxy,BV,333200000.0,440200000,2014,tt2015381,Guardians of the Galaxy,Guardians of the Galaxy,2014.0,121.0,"Action,Adventure,Comedy"
23,17,2014-07-11,Dawn of the Planet of the Apes,170000000.0,208545589.0,710644566.0,2014,Jul,Dawn of the Planet of the Apes - 2014,540644566.0,76.07805531295655,super-high budget,Dawn of the Planet of the Apes,Fox,208500000.0,502100000,2014,tt2103281,Dawn of the Planet of the Apes,Dawn of the Planet of the Apes,2014.0,130.0,"Action,Adventure,Drama"
24,23,2015-05-22,Tomorrowland,170000000.0,93436322.0,206627518.0,2015,May,Tomorrowland - 2015,36627518.0,17.726350466059415,super-high budget,Tomorrowland,BV,93400000.0,115700000,2015,tt1964418,Tomorrowland,Tomorrowland,2015.0,130.0,"Action,Adventure,Family"
25,26,2016-05-27,Alice Through the Looking Glass,170000000.0,77042381.0,276928112.0,2016,May,Alice Through the Looking Glass - 2016,106928112.0,38.612227277236485,super-high budget,Alice Through the Looking Glass,BV,77000000.0,222400000,2016,tt2567026,Alice Through the Looking Glass,Alice Through the Looking Glass,2016.0,113.0,"Adventure,Family,Fantasy"
26,28,2016-11-04,Doctor Strange,165000000.0,232641920.0,676404566.0,2016,Nov,Doctor Strange - 2016,511404566.0,75.6063148751719,super-high budget,Doctor Strange,BV,232600000.0,445100000,2016,tt1211837,Doctor Strange,Doctor Strange,2016.0,115.0,"Action,Adventure,Fantasy"
27,29,2014-11-07,Big Hero 6,165000000.0,222527828.0,652127828.0,2014,Nov,Big Hero 6 - 2014,487127828.0,74.69821208120565,super-high budget,Big Hero 6,BV,222500000.0,435300000,2014,tt2245084,Big Hero 6,Big Hero 6,2014.0,102.0,"Action,Adventure,Animation"
30,46,2016-06-10,Warcraft,160000000.0,47225655.0,425522281.0,2016,Jun,Warcraft - 2016,265522281.0,62.39914872988754,super-high budget,Warcraft,Uni.,47400000.0,386300000,2016,tt0803096,Warcraft,Warcraft,2016.0,123.0,"Action,Adventure,Fantasy"
31,50,2018-03-23,Pacific Rim Uprising,155000000.0,59874525.0,290930148.0,2018,Mar,Pacific Rim Uprising - 2018,135930148.0,46.722606417537726,super-high budget,Pacific Rim Uprising,Uni.,59900000.0,231100000,2018,tt2557478,Pacific Rim Uprising,Pacific Rim: Uprising,2018.0,111.0,"Action,Adventure,Sci-Fi"
32,52,2017-07-14,War for the Planet of the Apes,152000000.0,146880162.0,489592267.0,2017,Jul,War for the Planet of the Apes - 2017,337592267.0,68.95375800533222,super-high budget,War for the Planet of the Apes,Fox,146900000.0,343800000,2017,tt3450958,War for the Planet of the Apes,War for the Planet of the Apes,2017.0,140.0,"Action,Adventure,Drama"
34,57,2016-03-04,Zootopia,150000000.0,341268248.0,1019429616.0,2016,Mar,Zootopia - 2016,869429616.0,85.28588951647643,super-high budget,Zootopia,BV,341300000.0,682500000,2016,tt2948356,Zootopia,Zootopia,2016.0,108.0,"Adventure,Animation,Comedy"
35,62,2016-11-23,Moana,150000000.0,248757044.0,637517365.0,2016,Nov,Moana - 2016,487517365.0,76.47122914055839,super-high budget,Moana,BV,248800000.0,394600000,2016,tt3521164,Moana,Moana,2016.0,107.0,"Adventure,Animation,Comedy"
38,92,2017-02-17,The Great Wall,150000000.0,45157105.0,334486852.0,2017,Feb,The Great Wall - 2017,184486852.0,55.15518798329329,super-high budget,The Great Wall,Uni.,45500000.0,289400000,2017,tt7535780,The Great Wall,The Great Wall,2017.0,72.0,Documentary
40,99,2014-06-13,How to Train Your Dragon 2,145000000.0,177002924.0,614586270.0,2014,Jun,How to Train Your Dragon 2 - 2014,469586270.0,76.40689239608298,super-high budget,How to Train Your Dragon 2,Fox,177000000.0,444500000,2014,tt1646971,How to Train Your Dragon 2,How to Train Your Dragon 2,2014.0,102.0,"Action,Adventure,Animation"
41,11,2016-01-29,Kung Fu Panda 3,140000000.0,143528619.0,517599142.0,2016,Jan,Kung Fu Panda 3 - 2016,377599142.0,72.95204171725617,super-high budget,Kung Fu Panda 3,Fox,143500000.0,377600000,2016,tt2267968,Kung Fu Panda 3,Kung Fu Panda 3,2016.0,95.0,"Action,Adventure,Animation"
42,17,2016-07-01,The BFG,140000000.0,55483770.0,199646680.0,2016,Jul,The BFG - 2016,59646680.0,29.876119152094088,super-high budget,The BFG,BV,55500000.0,127900000,2016,tt3691740,The BFG,The BFG,2016.0,117.0,"Adventure,Family,Fantasy"
43,27,2015-12-25,The Revenant,135000000.0,183637894.0,532938302.0,2015,Dec,The Revenant - 2015,397938302.0,74.66873754553299,super-high budget,The Revenant,Fox,183600000.0,349300000,2015,tt1663202,The Revenant,The Revenant,2015.0,156.0,"Action,Adventure,Biography"
44,35,2018-11-02,The Nutcracker and the Four Realms,132900000.0,54858851.0,170293899.0,2018,Nov,The Nutcracker and the Four Realms - 2018,37393899.0,21.958449022298794,super-high budget,The Nutcracker and the Four Realms,BV,54900000.0,119100000,2018,tt5523010,The Nutcracker and the Four Realms,The Nutcracker and the Four Realms,2018.0,99.0,"Adventure,Family,Fantasy"
45,37,2014-11-26,Penguins of Madagascar,132000000.0,83350911.0,366942531.0,2014,Nov,Penguins of Madagascar - 2014,234942531.0,64.02706449964504,super-high budget,Penguins of Madagascar,Fox,83400000.0,289700000,2014,tt1911658,Penguins of Madagascar,Penguins of Madagascar,2014.0,92.0,"Adventure,Animation,Comedy"
46,45,2018-12-19,Mary Poppins Returns,130000000.0,171958438.0,341528518.0,2018,Dec,Mary Poppins Returns - 2018,211528518.0,61.9358287380265,super-high budget,Mary Poppins Returns,BV,172000000.0,177600000,2018,tt5028340,Mary Poppins Returns,Mary Poppins Returns,2018.0,130.0,"Comedy,Family,Fantasy"
47,49,2014-04-11,Rio 2,130000000.0,131538435.0,492846291.0,2014,Apr,Rio 2 - 2014,362846291.0,73.62260762149066,super-high budget,Rio 2,Fox,131500000.0,368600000,2014,tt2357291,Rio 2,Rio 2,2014.0,101.0,"Adventure,Animation,Comedy"
49,71,2017-03-31,The Boss Baby,125000000.0,175003033.0,510878762.0,2017,Mar,The Boss Baby - 2017,385878762.0,75.53235536536161,super-high budget,The Boss Baby,Fox,175000000.0,353000000,2017,tt3874544,The Boss Baby,The Boss Baby,2017.0,97.0,"Adventure,Animation,Comedy"
50,73,2016-11-04,Trolls,125000000.0,153707064.0,344150134.0,2016,Nov,Trolls - 2016,219150134.0,63.67864264728138,super-high budget,Trolls,Fox,153700000.0,193200000,2016,tt1679335,Trolls,Trolls,2016.0,92.0,"Adventure,Animation,Comedy"
51,78,2018-07-13,Skyscraper,125000000.0,68420120.0,304115534.0,2018,Jul,Skyscraper - 2018,179115534.0,58.89719990429689,super-high budget,Skyscraper,Uni.,68400000.0,236400000,2018,tt5758778,Skyscraper,Skyscraper,2018.0,102.0,"Action,Adventure,Thriller"
52,86,2016-07-29,Jason Bourne,120000000.0,162192920.0,416168316.0,2016,Jul,Jason Bourne - 2016,296168316.0,71.1655127537388,super-high budget,Jason Bourne,Uni.,162400000.0,253100000,2016,tt4196776,Jason Bourne,Jason Bourne,2016.0,123.0,"Action,Thriller"
53,98,2015-08-07,Fantastic Four,120000000.0,56117548.0,167849187.0,2015,Aug,Fantastic Four - 2015,47849187.0,28.50724978489172,super-high budget,Fantastic Four,Fox,56100000.0,111900000,2015,tt1502712,Fantastic Four,Fantastic Four,2015.0,100.0,"Action,Adventure,Drama"
54,14,2017-12-15,Ferdinand,111000000.0,84410380.0,289847930.0,2017,Dec,Ferdinand - 2017,178847930.0,61.704056330504066,super-high budget,Ferdinand,Fox,84400000.0,211700000,2017,tt3411444,Ferdinand,Ferdinand,2017.0,108.0,"Adventure,Animation,Comedy"
55,15,2018-05-18,Deadpool 2,110000000.0,324591735.0,786680557.0,2018,May,Deadpool 2 - 2018,676680557.0,86.01719604975568,super-high budget,Deadpool 2,Fox,318500000.0,460500000,2018,tt5463162,Deadpool 2,Deadpool 2,2018.0,119.0,"Action,Adventure,Comedy"
56,19,2015-05-29,San Andreas,110000000.0,155190832.0,456258539.0,2015,May,San Andreas - 2015,346258539.0,75.89086217628028,super-high budget,San Andreas,WB (NL),155200000.0,318800000,2015,tt2126355,San Andreas,San Andreas,2015.0,114.0,"Action,Adventure,Drama"
57,46,2015-10-02,The Martian,108000000.0,228433663.0,655271443.0,2015,Oct,The Martian - 2015,547271443.0,83.5182806829566,super-high budget,The Martian,Fox,228400000.0,401700000,2015,tt3659388,The Martian,The Martian,2015.0,144.0,"Adventure,Drama,Sci-Fi"
59,58,2018-03-09,A Wrinkle in Time,103000000.0,100478608.0,133401882.0,2018,Mar,A Wrinkle in Time - 2018,30401882.0,22.789694975967432,super-high budget,A Wrinkle in Time,BV,100500000.0,32200000,2018,tt1620680,A Wrinkle in Time,A Wrinkle in Time,2018.0,109.0,"Adventure,Family,Fantasy"
61,96,2014-08-15,The Expendables 3,100000000.0,39322544.0,209461378.0,2014,Aug,The Expendables 3 - 2014,109461378.0,52.258501803611736,super-high budget,The Expendables 3,LGF,39300000.0,175300000,2014,tt2333784,The Expendables 3,The Expendables 3,2014.0,126.0,"Action,Adventure,Thriller"
64,7,2015-11-06,The Peanuts Movie,99000000.0,130178411.0,250091610.0,2015,Nov,The Peanuts Movie - 2015,151091610.0,60.41450570852817,super-high budget,The Peanuts Movie,Fox,130199999.0,116100000,2015,tt2452042,The Peanuts Movie,The Peanuts Movie,2015.0,88.0,"Adventure,Animation,Comedy"
65,24,2015-02-06,Seventh Son,95000000.0,17725785.0,108874967.0,2015,Feb,Seventh Son - 2015,13874967.0,12.743945998165032,super-high budget,Seventh Son,Uni.,17200000.0,97000000,2015,,,,,,
70,25,2017-12-20,The Greatest Showman,84000000.0,174340174.0,386665550.0,2017,Dec,The Greatest Showman - 2017,302665550.0,78.2757993309722,super-high budget,The Greatest Showman,Fox,174300000.0,260700000,2017,tt1485796,The Greatest Showman,The Greatest Showman,2017.0,105.0,"Biography,Drama,Musical"
77,26,2016-07-08,The Secret Life of Pets,75000000.0,368384330.0,886750534.0,2016,Jul,The Secret Life of Pets - 2016,811750534.0,91.54215338764035,super-high budget,The Secret Life of Pets,Uni.,368400000.0,507100000,2016,tt2709768,The Secret Life of Pets,The Secret Life of Pets,2016.0,87.0,"Adventure,Animation,Comedy"
78,29,2016-12-21,Sing,75000000.0,270329045.0,634454789.0,2016,Dec,Sing - 2016,559454789.0,88.17882671857332,super-high budget,Sing,Uni.,270400000.0,363800000,2016,tt3470600,Sing,Sing,2016.0,108.0,"Animation,Comedy,Family"
79,30,2017-06-30,Despicable Me 3,75000000.0,264624300.0,1034727750.0,2017,Jun,Despicable Me 3 - 2017,959727750.0,92.75171657472218,super-high budget,Despicable Me 3,Uni.,264600000.0,770200000,2017,tt3469046,Despicable Me 3,Despicable Me 3,2017.0,89.0,"Adventure,Animation,Comedy"
81,73,2015-07-10,Minions,74000000.0,336045770.0,1160336173.0,2015,Jul,Minions - 2015,1086336173.0,93.62253787118641,super-high budget,Minions,Uni.,336000000.0,823400000,2015,tt2293640,Minions,Minions,2015.0,91.0,"Adventure,Animation,Comedy"
85,21,2014-10-10,Dracula Untold,70000000.0,55991880.0,220241723.0,2014,Oct,Dracula Untold - 2014,150241723.0,68.21673975007906,super-high budget,Dracula Untold,Uni.,56300000.0,160800000,2014,tt0829150,Dracula Untold,Dracula Untold,2014.0,92.0,"Action,Drama,Fantasy"
86,52,2018-03-02,Red Sparrow,69000000.0,46874505.0,145951861.0,2018,Mar,Red Sparrow - 2018,76951861.0,52.72413826912423,high budget,Red Sparrow,Fox,46900000.0,104700000,2018,tt2873282,Red Sparrow,Red Sparrow,2018.0,140.0,"Action,Drama,Thriller"
87,55,2015-06-26,Ted 2,68000000.0,81476385.0,217214143.0,2015,Jun,Ted 2 - 2015,149214143.0,68.69448781702948,high budget,Ted 2,Uni.,81500000.0,135200000,2015,tt2637276,Ted 2,Ted 2,2015.0,115.0,Comedy
88,70,2014-03-14,Need for Speed,66000000.0,43568507.0,194169619.0,2014,Mar,Need for Speed - 2014,128169619.0,66.00910052771954,high budget,Need for Speed,BV,43600000.0,159700000,2014,tt2369135,Need for Speed,Need for Speed,2014.0,132.0,"Action,Crime,Thriller"
89,82,2014-12-25,Unbroken,65000000.0,115637895.0,163527824.0,2014,Dec,Unbroken - 2014,98527824.0,60.2514126281042,high budget,Unbroken,Uni.,115600000.0,47800000,2014,tt1809398,Unbroken,Unbroken,2014.0,137.0,"Biography,Drama,Sport"
90,83,2015-06-05,Spy,65000000.0,110825712.0,232585748.0,2015,Jun,Spy - 2015,167585748.0,72.05331772951111,high budget,Spy,Fox,110800000.0,124800000,2015,tt3079380,Spy,Spy,2015.0,119.0,"Action,Comedy,Crime"
91,28,2017-09-15,American Assassin,63000000.0,36249674.0,68310140.0,2017,Sep,American Assassin - 2017,5310140.0,7.7735750504976275,high budget,American Assassin,LGF,36200000.0,31000000,2017,tt1961175,American Assassin,American Assassin,2017.0,112.0,"Action,Thriller"
93,36,2014-10-03,Gone Girl,61000000.0,167767189.0,368567189.0,2014,Oct,Gone Girl - 2014,307567189.0,83.44942202654941,high budget,Gone Girl,Fox,167800000.0,201600000,2014,tt2267998,Gone Girl,Gone Girl,2014.0,149.0,"Drama,Mystery,Thriller"
95,80,2016-03-04,London Has Fallen,60000000.0,62524260.0,195194085.0,2016,Mar,London Has Fallen - 2016,135194085.0,69.26136363199736,high budget,London Has Fallen,Focus,62500000.0,143200000,2016,tt3300542,London Has Fallen,London Has Fallen,2016.0,99.0,"Action,Thriller"
97,88,2015-12-25,Joy,60000000.0,56451232.0,101134059.0,2015,Dec,Joy - 2015,41134059.0,40.67280538992309,high budget,Joy,Fox,56500000.0,44700000,2015,tt2446980,Joy,Joy,2015.0,124.0,Drama
98,94,2014-09-26,The Boxtrolls,60000000.0,50837305.0,111946251.0,2014,Sep,The Boxtrolls - 2014,51946251.0,46.40285006060631,high budget,The Boxtrolls,Focus,50800000.0,58400000,2014,tt0787474,The Boxtrolls,The Boxtrolls,2014.0,96.0,"Adventure,Animation,Comedy"
101,6,2018-10-12,First Man,60000000.0,44936545.0,105203825.0,2018,Oct,First Man - 2018,45203825.0,42.96785311750785,high budget,First Man,Uni.,44900000.0,60800000,2018,tt1213641,First Man,First Man,2018.0,141.0,"Biography,Drama,History"
103,56,2016-02-12,Deadpool,58000000.0,363070709.0,801025593.0,2016,Feb,Deadpool - 2016,743025593.0,92.75928253643202,high budget,Deadpool,Fox,363100000.0,420000000,2016,tt1431045,Deadpool,Deadpool,2016.0,108.0,"Action,Adventure,Comedy"
106,77,2014-12-25,Into the Woods,56200000.0,128002372.0,213116401.0,2014,Dec,Into the Woods - 2014,156916401.0,73.62943455487502,high budget,Into the Woods,BV,128000000.0,85100000,2014,tt2180411,Into the Woods,Into the Woods,2014.0,125.0,"Adventure,Comedy,Drama"
107,84,2018-11-02,Bohemian Rhapsody,55000000.0,216303339.0,894985342.0,2018,Nov,Bohemian Rhapsody - 2018,839985342.0,93.85464795690474,high budget,Bohemian Rhapsody,Fox,216400000.0,687200000,2018,tt1727824,Bohemian Rhapsody,Bohemian Rhapsody,2018.0,134.0,"Biography,Drama,Music"
108,91,2017-02-10,Fifty Shades Darker,55000000.0,114434010.0,381398492.0,2017,Feb,Fifty Shades Darker - 2017,326398492.0,85.57938713611904,high budget,Fifty Shades Darker,Uni.,114600000.0,267000000,2017,tt4465564,Fifty Shades Darker,Fifty Shades Darker,2017.0,118.0,"Drama,Romance"
110,97,2018-02-09,Fifty Shades Freed,55000000.0,100407760.0,371350619.0,2018,Feb,Fifty Shades Freed - 2018,316350619.0,85.18919932108689,high budget,Fifty Shades Freed,Uni.,100400000.0,271500000,2018,tt4477536,Fifty Shades Freed,Fifty Shades Freed,2018.0,105.0,"Drama,Romance,Thriller"
112,20,2014-03-21,Muppets Most Wanted,55000000.0,51178893.0,79312301.0,2014,Mar,Muppets Most Wanted - 2014,24312301.0,30.653884319911484,high budget,Muppets Most Wanted,BV,51200000.0,29200000,2014,tt2281587,Muppets Most Wanted,Muppets Most Wanted,2014.0,107.0,"Adventure,Comedy,Crime"
113,22,2016-08-19,Kubo and the Two Strings,55000000.0,48023088.0,77548122.0,2016,Aug,Kubo and the Two Strings - 2016,22548122.0,29.07629665100078,high budget,Kubo and the Two Strings,Focus,48000000.0,21900000,2016,tt4302938,Kubo and the Two Strings,Kubo and the Two Strings,2016.0,101.0,"Action,Adventure,Animation"
114,33,2015-10-16,Crimson Peak,55000000.0,31090320.0,74966854.0,2015,Oct,Crimson Peak - 2015,19966854.0,26.634242914875415,high budget,Crimson Peak,Uni.,31100000.0,43600000,2015,tt2554274,Crimson Peak,Crimson Peak,2015.0,119.0,"Drama,Fantasy,Horror"
118,91,2016-06-17,Central Intelligence,50000000.0,127440871.0,217194805.0,2016,Jun,Central Intelligence - 2016,167194805.0,76.9791915603138,high budget,Central Intelligence,WB (NL),127400000.0,89500000,2016,tt1489889,Central Intelligence,Central Intelligence,2016.0,107.0,"Action,Comedy,Crime"
123,9,2017-12-22,The Post,50000000.0,81903458.0,179748880.0,2017,Dec,The Post - 2017,129748880.0,72.18341499540915,high budget,The Post,Fox,81900000.0,97900000,2017,tt6294822,The Post,The Post,2017.0,116.0,"Biography,Drama,History"
124,32,2017-09-29,American Made,50000000.0,51342000.0,135569212.0,2017,Sep,American Made - 2017,85569212.0,63.11846970092295,high budget,American Made,Uni.,51300000.0,83500000,2017,tt3532216,American Made,American Made,2017.0,115.0,"Action,Biography,Comedy"
131,18,2015-01-09,Taken 3,48000000.0,89256424.0,327656424.0,2015,Jan,Taken 3 - 2015,279656424.0,85.35050849483726,middle budget,Taken 3,Fox,89300000.0,237200000,2015,,,,,,
134,58,2017-12-22,Pitch Perfect 3,45000000.0,104897530.0,185736412.0,2017,Dec,Pitch Perfect 3 - 2017,140736412.0,75.77211731644735,middle budget,Pitch Perfect 3,Uni.,104900000.0,80500000,2017,tt4765284,Pitch Perfect 3,Pitch Perfect 3,2017.0,93.0,"Comedy,Music"
138,51,2017-05-12,Snatched,42000000.0,45852178.0,57852177.0,2017,May,Snatched - 2017,15852177.0,27.40117627725574,middle budget,Snatched,Fox,45900000.0,15000000,2017,tt2334871,Snatched,Snatched,2017.0,90.0,"Action,Adventure,Comedy"
139,78,2015-02-13,Fifty Shades of Grey,40000000.0,166167230.0,570998101.0,2015,Feb,Fifty Shades of Grey - 2015,530998101.0,92.99472276178375,middle budget,Fifty Shades of Grey,Uni.,166200000.0,404800000,2015,tt2322441,Fifty Shades of Grey,Fifty Shades of Grey,2015.0,125.0,"Drama,Romance,Thriller"
140,83,2014-07-25,Lucy,40000000.0,126573960.0,457507776.0,2014,Jul,Lucy - 2014,417507776.0,91.25697920378079,middle budget,Lucy,Uni.,126700000.0,336700000,2014,tt2872732,Lucy,Lucy,2014.0,89.0,"Action,Sci-Fi,Thriller"
141,95,2016-01-15,Ride Along 2,40000000.0,90862685.0,124827316.0,2016,Jan,Ride Along 2 - 2016,84827316.0,67.95573174063921,middle budget,Ride Along 2,Uni.,91200000.0,33400000,2016,tt2869728,Ride Along 2,Ride Along 2,2016.0,102.0,"Action,Comedy,Crime"
144,1,2014-11-14,Dumb and Dumber To,40000000.0,86208010.0,156553592.0,2014,Nov,Dumb and Dumber To - 2014,116553592.0,74.44964405543631,middle budget,Dumb and Dumber To,Uni.,86200000.0,83600000,2014,tt2096672,Dumb and Dumber To,Dumb and Dumber To,2014.0,109.0,"Adventure,Comedy"
146,10,2015-10-16,Bridge of Spies,40000000.0,72313754.0,162498338.0,2015,Oct,Bridge of Spies - 2015,122498338.0,75.38436362346057,middle budget,Bridge of Spies,BV,72300000.0,93200000,2015,tt3682448,Bridge of Spies,Bridge of Spies,2015.0,142.0,"Drama,History,Thriller"
147,17,2016-11-04,Hacksaw Ridge,40000000.0,67209615.0,168904682.0,2016,Nov,Hacksaw Ridge - 2016,128904682.0,76.31800402075297,middle budget,Hacksaw Ridge,LGF,67200000.0,108100000,2016,tt2119532,Hacksaw Ridge,Hacksaw Ridge,2016.0,139.0,"Biography,Drama,History"
150,50,2018-11-16,Widows,40000000.0,42402632.0,73866088.0,2018,Nov,Widows - 2018,33866088.0,45.84795122763236,middle budget,Widows,Fox,42400000.0,33600000,2018,tt4218572,Widows,Widows,2018.0,129.0,"Crime,Drama,Thriller"
152,62,2018-01-12,The Commuter,40000000.0,36343858.0,101985431.0,2018,Jan,The Commuter - 2018,61985431.0,60.77871161813299,middle budget,The Commuter,LGF,36300000.0,83600000,2018,tt1590193,The Commuter,The Commuter,2018.0,105.0,"Action,Mystery,Thriller"
153,69,2016-12-21,Patriots Day,40000000.0,31886361.0,52837989.0,2016,Dec,Patriots Day - 2016,12837989.0,24.296891768534188,middle budget,Patriots Day,LGF,31900000.0,18700000,2016,tt4572514,Patriots Day,Patriots Day,2016.0,133.0,"Action,Crime,Drama"
156,91,2015-11-25,Creed,37000000.0,109767581.0,173567581.0,2015,Nov,Creed - 2015,136567581.0,78.68265502876369,middle budget,Creed,WB (NL),109800000.0,63800000,2015,tt3076658,Creed,Creed,2015.0,133.0,"Drama,Sport"
157,94,2018-02-23,Game Night,37000000.0,69179066.0,117378084.0,2018,Feb,Game Night - 2018,80378084.0,68.47793153618012,middle budget,Game Night,WB (NL),69200000.0,48500000,2018,tt2704998,Game Night,Game Night,2018.0,100.0,"Action,Comedy,Crime"
159,13,2016-12-16,Collateral Beauty,36000000.0,31016021.0,85309093.0,2016,Dec,Collateral Beauty - 2016,49309093.0,57.800512543252566,middle budget,Collateral Beauty,WB (NL),31000000.0,57500000,2016,tt4682786,Collateral Beauty,Collateral Beauty,2016.0,97.0,"Drama,Romance"
160,24,2017-09-08,It,35000000.0,327481748.0,697457969.0,2017,Sep,It - 2017,662457969.0,94.98177645741403,middle budget,It,WB (NL),327500000.0,372900000,2017,tt1396484,It,It,2017.0,135.0,"Horror,Thriller"
161,36,2015-07-17,Trainwreck,35000000.0,110212700.0,141123897.0,2015,Jul,Trainwreck - 2015,106123897.0,75.19909757027189,middle budget,Trainwreck,Uni.,110200000.0,30600000,2015,tt3152624,Trainwreck,Trainwreck,2015.0,125.0,"Comedy,Drama,Romance"
164,79,2015-05-08,Hot Pursuit,35000000.0,34580201.0,45671512.0,2015,May,Hot Pursuit - 2015,10671512.0,23.365795290508444,middle budget,Hot Pursuit,WB (NL),34600000.0,17100000,2015,tt2967224,Hot Pursuit,Hot Pursuit,2015.0,87.0,"Action,Comedy,Crime"
169,40,2017-10-20,The Snowman,35000000.0,6670765.0,43226146.0,2017,Oct,The Snowman - 2017,8226146.0,19.030486779922505,middle budget,The Snowman,Uni.,6700000.0,36400000,2017,tt1758810,The Snowman,The Snowman,2017.0,119.0,"Crime,Drama,Mystery"
171,60,2014-09-19,The Maze Runner,34000000.0,102427862.0,348319861.0,2014,Sep,The Maze Runner - 2014,314319861.0,90.23885692237343,middle budget,The Maze Runner,Fox,102400000.0,245900000,2014,tt1790864,The Maze Runner,The Maze Runner,2014.0,113.0,"Action,Mystery,Sci-Fi"
172,61,2015-04-10,The Longest Ride,34000000.0,37446117.0,63802928.0,2015,Apr,The Longest Ride - 2015,29802928.0,46.71090956828815,middle budget,The Longest Ride,Fox,37400000.0,25500000,2015,tt2726560,The Longest Ride,The Longest Ride,2015.0,123.0,"Drama,Romance"
173,64,2018-08-03,The Darkest Minds,34000000.0,12695691.0,38361428.0,2018,Aug,The Darkest Minds - 2018,4361428.0,11.369305647328874,middle budget,The Darkest Minds,Fox,12700000.0,28400000,2018,tt4073790,The Darkest Minds,The Darkest Minds,2018.0,104.0,"Action,Adventure,Drama"
174,73,2016-07-08,Mike and Dave Need Wedding Dates,33000000.0,46009673.0,75898100.0,2016,Jul,Mike and Dave Need Wedding Dates - 2016,42898100.0,56.52065071457651,middle budget,Mike and Dave Need Wedding Dates,Fox,46000000.0,31100000,2016,tt2823054,Mike and Dave Need Wedding Dates,Mike and Dave Need Wedding Dates,2016.0,98.0,"Adventure,Comedy,Romance"
176,27,2014-03-07,The Grand Budapest Hotel,31000000.0,59076019.0,163981261.0,2014,Mar,The Grand Budapest Hotel - 2014,132981261.0,81.09540089461808,middle budget,The Grand Budapest Hotel,FoxS,59300000.0,115500000,2014,tt2278388,The Grand Budapest Hotel,The Grand Budapest Hotel,2014.0,99.0,"Adventure,Comedy,Crime"
177,28,2015-07-29,Vacation,31000000.0,58884188.0,102306500.0,2015,Jul,Vacation - 2015,71306500.0,69.69889498712203,middle budget,Vacation,WB (NL),58900000.0,46000000,2015,tt1524930,Vacation,Vacation,2015.0,99.0,"Adventure,Comedy"
179,57,2015-12-18,Sisters,30000000.0,87044645.0,106030660.0,2015,Dec,Sisters - 2015,76030660.0,71.70629702767106,middle budget,Sisters,Uni.,87000000.0,18000000,2015,tt1850457,Sisters,Sisters,2015.0,118.0,Comedy
180,57,2015-12-18,Sisters,30000000.0,87044645.0,106030660.0,2015,Dec,Sisters - 2015,76030660.0,71.70629702767106,middle budget,Sisters,Uni.,87000000.0,18000000,2015,tt4793074,Sisters,Sisters,2015.0,53.0,"Biography,Documentary,Music"
181,72,2014-01-17,The Nut Job,30000000.0,64251538.0,122529966.0,2014,Jan,The Nut Job - 2014,92529966.0,75.51619332041601,middle budget,The Nut Job,ORF,64300000.0,56600000,2014,tt1821658,The Nut Job,The Nut Job,2014.0,85.0,"Adventure,Animation,Comedy"
182,84,2017-11-22,Darkest Hour,30000000.0,56443120.0,150807172.0,2017,Nov,Darkest Hour - 2017,120807172.0,80.10704689827351,middle budget,Darkest Hour,Focus,56500000.0,94400000,2017,tt4555426,Darkest Hour,Darkest Hour,2017.0,125.0,"Biography,Drama,History"
183,88,2018-05-11,Life of the Party,30000000.0,53059911.0,65759911.0,2018,May,Life of the Party - 2018,35759911.0,54.379500300722725,middle budget,Life of the Party,WB (NL),53100000.0,12800000,2018,tt5619332,Life of the Party,Life of the Party,2018.0,105.0,Comedy
185,94,2017-07-28,Atomic Blonde,30000000.0,51573925.0,98345423.0,2017,Jul,Atomic Blonde - 2017,68345423.0,69.49527585030572,middle budget,Atomic Blonde,Focus,51700000.0,48300000,2017,tt2406566,Atomic Blonde,Atomic Blonde,2017.0,115.0,"Action,Mystery,Thriller"
186,100,2015-09-18,Sicario,30000000.0,46889293.0,84393749.0,2015,Sep,Sicario - 2015,54393749.0,64.45234350236059,middle budget,Sicario,LGF,46900000.0,38000000,2015,tt3397884,Sicario,Sicario,2015.0,121.0,"Action,Crime,Drama"
189,8,2015-04-24,The Age of Adaline,30000000.0,42629776.0,68984536.0,2015,Apr,The Age of Adaline - 2015,38984536.0,56.511992774728526,middle budget,The Age of Adaline,LGF,42600000.0,23000000,2015,tt1655441,The Age of Adaline,The Age of Adaline,2015.0,112.0,"Drama,Fantasy,Romance"
191,60,2015-10-09,Steve Jobs,30000000.0,17766658.0,35579007.0,2015,Oct,Steve Jobs - 2015,5579007.0,15.680614695064424,middle budget,Steve Jobs,Uni.,17800000.0,16700000,2015,tt2080374,Steve Jobs,Steve Jobs,2015.0,122.0,"Biography,Drama"
192,14,2015-05-15,Pitch Perfect 2,29000000.0,184296230.0,287625468.0,2015,May,Pitch Perfect 2 - 2015,258625468.0,89.91744361107827,low budget,Pitch Perfect 2,Uni.,184300000.0,103200000,2015,tt2848292,Pitch Perfect 2,Pitch Perfect 2,2015.0,115.0,"Comedy,Music"
193,17,2016-04-08,The Boss,29000000.0,63077560.0,78652207.0,2016,Apr,The Boss - 2016,49652207.0,63.12881595299672,low budget,The Boss,Uni.,63300000.0,15600000,2016,tt2702724,The Boss,The Boss,2016.0,99.0,Comedy
196,35,2015-08-14,Straight Outta Compton,28000000.0,161197785.0,202182981.0,2015,Aug,Straight Outta Compton - 2015,174182981.0,86.15115878620861,low budget,Straight Outta Compton,Uni.,161200000.0,40400000,2015,tt1398426,Straight Outta Compton,Straight Outta Compton,2015.0,147.0,"Biography,Drama,History"
197,36,2017-07-21,Girls Trip,28000000.0,115108515.0,140886353.0,2017,Jul,Girls Trip - 2017,112886353.0,80.12582524582776,low budget,Girls Trip,Uni.,115200000.0,25400000,2017,tt3564472,Girls Trip,Girls Trip,2017.0,122.0,"Comedy,Drama"
200,50,2018-06-15,Tag,28000000.0,54730625.0,77026186.0,2018,Jun,Tag - 2018,49026186.0,63.64872590212373,low budget,Tag,WB (NL),54700000.0,23400000,2018,tt2854926,Tag,Tag,2018.0,100.0,Comedy
202,67,2014-09-19,A Walk Among the Tombstones,28000000.0,26017685.0,62108587.0,2014,Sep,A Walk Among the Tombstones - 2014,34108587.0,54.91766702082595,low budget,A Walk Among the Tombstones,Uni.,26300000.0,26900000,2014,tt0365907,A Walk Among the Tombstones,A Walk Among the Tombstones,2014.0,114.0,"Action,Crime,Drama"
204,72,2015-08-21,American Ultra,28000000.0,14439985.0,30295028.0,2015,Aug,American Ultra - 2015,2295028.0,7.575592932279185,low budget,American Ultra,LGF,14400000.0,12700000,2015,tt3316948,American Ultra,American Ultra,2015.0,96.0,"Action,Comedy,Sci-Fi"
207,64,2016-12-25,Hidden Figures,25000000.0,169607287.0,231771716.0,2016,Dec,Hidden Figures - 2016,206771716.0,89.21352422484546,low budget,Hidden Figures,Fox,169600000.0,66300000,2016,tt4846340,Hidden Figures,Hidden Figures,2016.0,127.0,"Biography,Drama,History"
208,67,2014-01-17,Ride Along,25000000.0,134202565.0,153733800.0,2014,Jan,Ride Along - 2014,128733800.0,83.73812395192208,low budget,Ride Along,Uni.,134900000.0,19500000,2014,tt1408253,Ride Along,Ride Along,2014.0,99.0,"Action,Comedy,Crime"
212,17,2014-05-16,Million Dollar Arm,25000000.0,36447959.0,39217912.0,2014,May,Million Dollar Arm - 2014,14217912.0,36.25361798965738,low budget,Million Dollar Arm,BV,36500000.0,2800000,2014,tt1647668,Million Dollar Arm,Million Dollar Arm,2014.0,124.0,"Biography,Drama,Sport"
215,29,2017-02-17,Fist Fight,25000000.0,32187017.0,40286416.0,2017,Feb,Fist Fight - 2017,15286416.0,37.94434332406239,low budget,Fist Fight,WB (NL),32200000.0,8900000,2017,tt3401882,Fist Fight,Fist Fight,2017.0,91.0,Comedy
218,60,2018-12-07,Mary Queen of Scots,25000000.0,16468499.0,46734733.0,2018,Dec,Mary Queen of Scots - 2018,21734733.0,46.50659499862768,low budget,Mary Queen of Scots,Focus,16500000.0,29900000,2018,tt2328900,Mary Queen of Scots,Mary Queen of Scots,2018.0,124.0,"Biography,Drama,History"
220,10,2015-11-20,Legend,25000000.0,1872994.0,42425450.0,2015,Nov,Legend - 2015,17425450.0,41.073105883378965,low budget,Legend,Uni.,1900000.0,41100000,2015,tt3569230,Legend,Legend,2015.0,132.0,"Biography,Crime,Drama"
221,36,2014-06-20,Think Like a Man Too,24000000.0,65028687.0,70027933.0,2014,Jun,Think Like a Man Too - 2014,46027933.0,65.72796172635854,low budget,Think Like a Man Too,SGem,65200000.0,5000000,2014,tt2239832,Think Like a Man Too,Think Like a Man Too,2014.0,106.0,"Comedy,Romance"
223,71,2018-11-16,Green Book,23000000.0,85080171.0,322034439.0,2018,Nov,Green Book - 2018,299034439.0,92.85790672841671,low budget,Green Book,Uni.,85100000.0,234700000,2018,tt6966692,Green Book,Green Book,2018.0,130.0,"Biography,Comedy,Drama"
224,73,2015-01-16,The Wedding Ringer,23000000.0,64460211.0,80171596.0,2015,Jan,The Wedding Ringer - 2015,57171596.0,71.31153532231042,low budget,The Wedding Ringer,SGem,64500000.0,15300000,2015,tt0884732,The Wedding Ringer,The Wedding Ringer,2015.0,101.0,Comedy
225,78,2018-10-05,The Hate U Give,23000000.0,29719483.0,35067665.0,2018,Oct,The Hate U Give - 2018,12067665.0,34.41251363613745,low budget,The Hate U Give,Fox,29700000.0,5200000,2018,tt5580266,The Hate U Give,The Hate U Give,2018.0,133.0,"Crime,Drama"
226,86,2016-02-26,Eddie the Eagle,23000000.0,15789389.0,45060480.0,2016,Feb,Eddie the Eagle - 2016,22060480.0,48.95749002229892,low budget,Eddie the Eagle,Fox,15800000.0,30400000,2016,,,,,,
227,3,2016-11-18,Nocturnal Animals,22500000.0,10663357.0,32398681.0,2016,Nov,Nocturnal Animals - 2016,9898681.0,30.55272836570106,low budget,Nocturnal Animals,Focus,10700000.0,19600000,2016,tt4550098,Nocturnal Animals,Nocturnal Animals,2016.0,116.0,"Drama,Thriller"
229,11,2014-02-28,Son of God,22000000.0,59700064.0,70949793.0,2014,Feb,Son of God - 2014,48949793.0,68.99215759516028,low budget,Son of God,Fox,59700000.0,8100000,2014,tt3210686,Son of God,Son of God,2014.0,138.0,"Biography,Drama,History"
231,60,2018-04-06,Blockers,21000000.0,60311495.0,94045328.0,2018,Apr,Blockers - 2018,73045328.0,77.67034211417712,low budget,Blockers,Uni.,60300000.0,33700000,2018,tt2531344,Blockers,Blockers,2018.0,102.0,Comedy
232,73,2017-09-22,Victoria and Abdul,21000000.0,22245070.0,68271146.0,2017,Sep,Victoria and Abdul - 2017,47271146.0,69.240299554954,low budget,Victoria and Abdul,Focus,22200000.0,43200000,2017,,,,,,
234,95,2017-11-17,Wonder,20000000.0,132422809.0,304604712.0,2017,Nov,Wonder - 2017,284604712.0,93.43411338955255,low budget,Wonder,LGF,132400000.0,173500000,2017,tt2543472,Wonder,Wonder,2017.0,113.0,"Drama,Family"
236,3,2014-07-02,Tammy,20000000.0,84525432.0,96407655.0,2014,Jul,Tammy - 2014,76407655.0,79.25475938606742,low budget,Tammy,WB (NL),84500000.0,16000000,2014,tt2103254,Tammy,Tammy,2014.0,97.0,"Comedy,Romance"
237,20,2016-06-03,Me Before You,20000000.0,56245075.0,208265198.0,2016,Jun,Me Before You - 2016,188265198.0,90.39685929667424,low budget,Me Before You,WB (NL),56200000.0,152100000,2016,tt2674426,Me Before You,Me Before You,2016.0,106.0,"Drama,Romance"
238,24,2018-09-14,A Simple Favor,20000000.0,53548586.0,97628717.0,2018,Sep,A Simple Favor - 2018,77628717.0,79.51422428300476,low budget,A Simple Favor,LGF,53500000.0,44100000,2018,tt7040874,A Simple Favor,A Simple Favor,2018.0,117.0,"Comedy,Crime,Drama"
239,34,2015-11-06,Spotlight,20000000.0,45055776.0,92088460.0,2015,Nov,Spotlight - 2015,72088460.0,78.28175213267764,low budget,Spotlight,ORF,45100000.0,53200000,2015,tt1895587,Spotlight,Spotlight,2015.0,129.0,"Crime,Drama"
240,34,2015-11-06,Spotlight,20000000.0,45055776.0,92088460.0,2015,Nov,Spotlight - 2015,72088460.0,78.28175213267764,low budget,Spotlight,ORF,45100000.0,53200000,2015,tt7785302,Spotlight,Spotlight,2015.0,99.0,Drama
242,43,2016-07-27,Nerve,20000000.0,38583626.0,70652284.0,2016,Jul,Nerve - 2016,50652284.0,71.69235179997861,low budget,Nerve,LGF,38600000.0,46700000,2016,tt3531824,Nerve,Nerve,2016.0,96.0,"Action,Adventure,Crime"
245,81,2018-12-25,On the Basis of Sex,20000000.0,24622687.0,38073377.0,2018,Dec,On the Basis of Sex - 2018,18073377.0,47.4698553795215,low budget,On the Basis of Sex,Focus,24600000.0,13600000,2018,tt4669788,On the Basis of Sex,On the Basis of Sex,2018.0,120.0,"Biography,Drama"
248,33,2016-02-26,Triple 9,20000000.0,12639297.0,25943792.0,2016,Feb,Triple 9 - 2016,5943792.0,22.910266933993302,low budget,Triple 9,ORF,12600000.0,10500000,2016,tt1712261,Triple 9,Triple 9,2016.0,115.0,"Crime,Thriller"
249,34,2016-09-02,The Light Between Oceans,20000000.0,12545979.0,22281732.0,2016,Sep,The Light Between Oceans - 2016,2281732.0,10.240370901148978,low budget,The Light Between Oceans,BV,12500000.0,13400000,2016,tt2547584,The Light Between Oceans,The Light Between Oceans,2016.0,133.0,"Drama,Romance"
250,19,2017-12-01,The Shape of Water,19500000.0,63859435.0,195790794.0,2017,Dec,The Shape of Water - 2017,176290794.0,90.04038974375884,low budget,The Shape of Water,FoxS,63900000.0,131400000,2017,tt5580390,The Shape of Water,The Shape of Water,2017.0,123.0,"Adventure,Drama,Fantasy"
252,64,2014-05-09,Neighbors,18000000.0,150086800.0,270944428.0,2014,May,Neighbors - 2014,252944428.0,93.35657125969757,low budget,Neighbors,Uni.,150200000.0,120500000,2014,tt2004420,Neighbors,Neighbors,2014.0,97.0,Comedy
253,77,2016-03-25,My Big Fat Greek Wedding 2,18000000.0,59689605.0,92096558.0,2016,Mar,My Big Fat Greek Wedding 2 - 2016,74096558.0,80.45529562570623,low budget,My Big Fat Greek Wedding 2,Uni.,59700000.0,29200000,2016,tt3760922,My Big Fat Greek Wedding 2,My Big Fat Greek Wedding 2,2016.0,94.0,"Comedy,Romance"
254,78,2015-09-11,The Perfect Guy,18000000.0,57027435.0,60278166.0,2015,Sep,The Perfect Guy - 2015,42278166.0,70.13844117287842,low budget,The Perfect Guy,SGem,57000000.0,3200000,2015,tt3862750,The Perfect Guy,The Perfect Guy,2015.0,100.0,"Crime,Drama,Horror"
257,98,2015-11-13,Love the Coopers,18000000.0,26302731.0,42227490.0,2015,Nov,Love the Coopers - 2015,24227490.0,57.37373923953329,low budget,Love the Coopers,LGF,26300000.0,16100000,2015,tt2279339,Love the Coopers,Love the Coopers,2015.0,107.0,"Comedy,Fantasy,Romance"
258,9,2016-01-15,Norm of the North,18000000.0,17062499.0,30535660.0,2016,Jan,Norm of the North - 2016,12535660.0,41.05252678343943,low budget,Norm of the North,LGF,17100000.0,,2016,tt1594972,Norm of the North,Norm of the North,2016.0,90.0,"Adventure,Animation,Comedy"
261,81,2016-11-11,Almost Christmas,17000000.0,42065185.0,42493506.0,2016,Nov,Almost Christmas - 2016,25493506.0,59.993887065943674,low budget,Almost Christmas,Uni.,42200000.0,422000,2016,tt4649416,Almost Christmas,Almost Christmas,2016.0,111.0,"Comedy,Drama"
265,21,2018-08-10,BlacKkKlansman,15000000.0,49275340.0,93017335.0,2018,Aug,BlacKkKlansman - 2018,78017335.0,83.87397359857708,low budget,BlacKkKlansman,Focus,49300000.0,44000000,2018,tt7349662,BlacKkKlansman,BlacKkKlansman,2018.0,135.0,"Biography,Crime,Drama"
266,28,2015-12-04,Krampus,15000000.0,42725475.0,61788393.0,2015,Dec,Krampus - 2015,46788393.0,75.72359585399802,low budget,Krampus,Uni.,42700000.0,18800000,2015,tt3850590,Krampus,Krampus,2015.0,98.0,"Comedy,Fantasy,Horror"
267,35,2014-11-07,The Theory of Everything,15000000.0,35893537.0,123327692.0,2014,Nov,The Theory of Everything - 2014,108327692.0,87.8372815085196,low budget,The Theory of Everything,Focus,35900000.0,87800000,2014,tt2980516,The Theory of Everything,The Theory of Everything,2014.0,123.0,"Biography,Drama,Romance"
268,39,2018-11-23,The Favourite,15000000.0,34366783.0,94113929.0,2018,Nov,The Favourite - 2018,79113929.0,84.06187037415046,low budget,The Favourite,FoxS,34400000.0,61600000,2018,tt5083738,The Favourite,The Favourite,2018.0,119.0,"Biography,Drama,History"
270,57,2017-09-08,Home Again,15000000.0,27020284.0,37336874.0,2017,Sep,Home Again - 2017,22336874.0,59.82523871709239,low budget,Home Again,ORF,27000000.0,,2017,tt5719700,Home Again,Home Again,2017.0,97.0,"Comedy,Drama,Romance"
272,70,2016-04-29,Keanu,15000000.0,20591853.0,20688141.0,2016,Apr,Keanu - 2016,5688141.0,27.494693699158372,low budget,Keanu,WB (NL),20600000.0,,2016,tt4139124,Keanu,Keanu,2016.0,100.0,"Action,Comedy,Crime"
277,16,2015-10-23,Suffragette,14000000.0,4702420.0,34044909.0,2015,Oct,Suffragette - 2015,20044909.0,58.877845730179516,low budget,Suffragette,Focus,4700000.0,11300000,2015,tt3077214,Suffragette,Suffragette,2015.0,106.0,"Biography,Drama,History"
278,49,2018-07-04,The First Purge,13000000.0,69488745.0,136617305.0,2018,Jul,The First Purge - 2018,123617305.0,90.48436799423031,low budget,The First Purge,Uni.,69500000.0,67500000,2018,tt6133466,The First Purge,The First Purge,2018.0,98.0,"Action,Horror,Sci-Fi"
282,72,2015-04-10,Ex Machina,13000000.0,25440971.0,38358392.0,2015,Apr,Ex Machina - 2015,25358392.0,66.10911114313656,low budget,Ex Machina,A24,25400000.0,11400000,2015,,,,,,
284,80,2015-10-16,Room,13000000.0,14677674.0,36262783.0,2015,Oct,Room - 2015,23262783.0,64.15057277870814,low budget,Room,A24,14700000.0,20700000,2015,tt3170832,Room,Room,2015.0,118.0,"Drama,Thriller"
287,99,2015-12-04,Youth,13000000.0,2703296.0,24001573.0,2015,Dec,Youth - 2015,11001573.0,45.836883274275394,low budget,Youth,FoxS,2700000.0,,2015,tt3312830,Youth,Youth,2015.0,124.0,"Comedy,Drama,Music"
288,3,2015-07-24,The Vatican Tapes,13000000.0,1784763.0,14929184.0,2015,Jul,The Vatican Tapes - 2015,1929184.0,12.922233391992489,low budget,The Vatican Tapes,LGF,1800000.0,,2015,tt1524575,The Vatican Tapes,The Vatican Tapes,2015.0,91.0,"Horror,Thriller"
290,16,2014-09-12,The Drop,12600000.0,10724389.0,19054534.0,2014,Sep,The Drop - 2014,6454534.0,33.87400605021356,low budget,The Drop,FoxS,10700000.0,7900000,2014,tt1600196,The Drop,The Drop,2014.0,106.0,"Crime,Drama"
293,68,2015-07-24,Paper Towns,12000000.0,32000304.0,85450484.0,2015,Jul,Paper Towns - 2015,73450484.0,85.95677936710106,low budget,Paper Towns,Fox,32000000.0,53500000,2015,tt3622592,Paper Towns,Paper Towns,2015.0,109.0,"Comedy,Drama,Mystery"
294,77,2016-08-12,Hell or High Water,12000000.0,27007844.0,37584304.0,2016,Aug,Hell or High Water - 2016,25584304.0,68.0717780486237,low budget,Hell or High Water,LGF,27000000.0,10900000,2016,tt2582782,Hell or High Water,Hell or High Water,2016.0,102.0,"Action,Crime,Drama"
301,62,2016-01-22,Dirty Grandpa,11500000.0,35593113.0,105078449.0,2016,Jan,Dirty Grandpa - 2016,93578449.0,89.05579582736323,low budget,Dirty Grandpa,LGF,35600000.0,58500000,2016,tt1860213,Dirty Grandpa,Dirty Grandpa,2016.0,102.0,Comedy
302,73,2014-08-22,If I Stay,11000000.0,50474843.0,78356170.0,2014,Aug,If I Stay - 2014,67356170.0,85.96153946779175,low budget,If I Stay,WB (NL),50500000.0,28400000,2014,tt1355630,If I Stay,If I Stay,2014.0,107.0,"Drama,Fantasy,Music"
303,79,2015-11-04,Brooklyn,11000000.0,38322743.0,62076141.0,2015,Nov,Brooklyn - 2015,51076141.0,82.27982631845623,low budget,Brooklyn,FoxS,38300000.0,23800000,2015,tt2381111,Brooklyn,Brooklyn,2015.0,117.0,"Drama,Romance"
307,51,2015-06-05,Insidious Chapter 3,10000000.0,52218558.0,120453155.0,2015,Jun,Insidious Chapter 3 - 2015,110453155.0,91.69801737447226,low budget,Insidious Chapter 3,Focus,52200000.0,60800000,2015,tt3195644,Insidious Chapter 3,Insidious: Chapter 3,2015.0,97.0,"Horror,Mystery,Thriller"
308,53,2017-11-03,Lady Bird,10000000.0,48958273.0,78610769.0,2017,Nov,Lady Bird - 2017,68610769.0,87.27909658281044,low budget,Lady Bird,A24,49000000.0,30000000,2017,tt4925292,Lady Bird,Lady Bird,2017.0,94.0,"Comedy,Drama"
309,56,2018-06-08,Hereditary,10000000.0,44069456.0,70133905.0,2018,Jun,Hereditary - 2018,60133905.0,85.74156108946165,low budget,Hereditary,A24,44100000.0,35300000,2018,tt7784604,Hereditary,Hereditary,2018.0,127.0,"Drama,Horror,Mystery"
310,61,2017-10-27,Jigsaw,10000000.0,38052832.0,102445196.0,2017,Oct,Jigsaw - 2017,92445196.0,90.23868332488719,low budget,Jigsaw,LGF,38100000.0,64900000,2017,tt3348730,Jigsaw,Jigsaw,2017.0,92.0,"Crime,Horror,Mystery"
311,73,2015-03-06,The Second Best Exotic Marigold Hotel,10000000.0,33078266.0,90384306.0,2015,Mar,The Second Best Exotic Marigold Hotel - 2015,80384306.0,88.93613234138236,low budget,The Second Best Exotic Marigold Hotel,FoxS,33100000.0,52900000,2015,tt2555736,The Second Best Exotic Marigold Hotel,The Second Best Exotic Marigold Hotel,2015.0,122.0,"Comedy,Drama"
312,80,2018-08-10,Slender Man,10000000.0,30564825.0,51723644.0,2018,Aug,Slender Man - 2018,41723644.0,80.6664820444592,low budget,Slender Man,SGem,30600000.0,21200000,2018,tt5690360,Slender Man,Slender Man,2018.0,93.0,"Horror,Mystery,Thriller"
313,85,2016-09-09,When the Bough Breaks,10000000.0,29747603.0,30768449.0,2016,Sep,When the Bough Breaks - 2016,20768449.0,67.4991742352694,low budget,When the Bough Breaks,SGem,29700000.0,911000,2016,tt1389139,When the Bough Breaks,When the Bough Breaks,2016.0,107.0,"Crime,Drama,Horror"
314,91,2015-08-21,Sinister 2,10000000.0,27740955.0,54104225.0,2015,Aug,Sinister 2 - 2015,44104225.0,81.51715508354476,low budget,Sinister 2,Focus,27700000.0,25100000,2015,tt2752772,Sinister 2,Sinister 2,2015.0,97.0,"Horror,Mystery,Thriller"
315,92,2016-01-08,The Forest,10000000.0,26594261.0,40749230.0,2016,Jan,The Forest - 2016,30749230.0,75.45965899232942,low budget,The Forest,Focus,26600000.0,11000000,2016,tt3387542,The Forest,The Forest,2016.0,93.0,"Horror,Mystery,Thriller"
316,92,2016-01-08,The Forest,10000000.0,26594261.0,40749230.0,2016,Jan,The Forest - 2016,30749230.0,75.45965899232942,low budget,The Forest,Focus,26600000.0,11000000,2016,tt4982356,The Forest,The Forest,2016.0,109.0,"Drama,Fantasy,Horror"
317,100,2017-12-01,The Disaster Artist,10000000.0,21120616.0,28717667.0,2017,Dec,The Disaster Artist - 2017,18717667.0,65.17822983322426,low budget,The Disaster Artist,A24,21100000.0,8700000,2017,tt3521126,The Disaster Artist,The Disaster Artist,2017.0,104.0,"Biography,Comedy,Drama"
318,1,2016-09-16,Blair Witch,10000000.0,20777061.0,38985577.0,2016,Sep,Blair Witch - 2016,28985577.0,74.34948827357358,low budget,Blair Witch,LGF,20800000.0,24400000,2016,tt1540011,Blair Witch,Blair Witch,2016.0,89.0,"Horror,Mystery,Thriller"
327,87,2016-12-02,Jackie,9000000.0,13960394.0,36588512.0,2016,Dec,Jackie - 2016,27588512.0,75.4021152868966,very-low budget,Jackie,FoxS,14000000.0,,2016,tt1619029,Jackie,Jackie,2016.0,100.0,"Biography,Drama,History"
328,92,2016-11-04,Loving,9000000.0,7710234.0,12898064.0,2016,Nov,Loving - 2016,3898064.0,30.22208604330076,very-low budget,Loving,Focus,7800000.0,5200000,2016,tt4669986,Loving,Loving,2016.0,123.0,"Biography,Drama,Romance"
330,33,2015-02-20,The DUFF,8500000.0,34030343.0,43528634.0,2015,Feb,The DUFF - 2015,35028634.0,80.47262406626406,very-low budget,The DUFF,LGF,34000000.0,9500000,2015,,,,,,
331,34,2014-10-31,Nightcrawler,8500000.0,32381218.0,50334418.0,2014,Oct,Nightcrawler - 2014,41834418.0,83.11294669186401,very-low budget,Nightcrawler,ORF,32400000.0,6300000,2014,tt2872718,Nightcrawler,Nightcrawler,2014.0,117.0,"Crime,Drama,Thriller"
333,78,2014-01-31,That Awkward Moment,8000000.0,26068955.0,53068955.0,2014,Jan,That Awkward Moment - 2014,45068955.0,84.92527316582736,very-low budget,That Awkward Moment,Focus,26100000.0,14400000,2014,tt1800246,That Awkward Moment,That Awkward Moment,2014.0,94.0,"Comedy,Romance"
335,100,2015-06-12,Me and Earl and the Dying Girl,8000000.0,6758416.0,9266180.0,2015,Jun,Me and Earl and the Dying Girl - 2015,1266180.0,13.664530583260849,very-low budget,Me and Earl and the Dying Girl,FoxS,6800000.0,2300000,2015,tt2582496,Me and Earl and the Dying Girl,Me and Earl and the Dying Girl,2015.0,105.0,"Comedy,Drama,Romance"
338,4,2017-04-07,Gifted,7000000.0,24801212.0,36964656.0,2017,Apr,Gifted - 2017,29964656.0,81.0629916317901,very-low budget,Gifted,FoxS,24800000.0,18200000,2017,tt4481414,Gifted,Gifted,2017.0,101.0,Drama
339,11,2015-06-19,Dope,7000000.0,17506470.0,18190831.0,2015,Jun,Dope - 2015,11190831.0,61.51907518683451,very-low budget,Dope,ORF,17500000.0,480000,2015,tt3850214,Dope,Dope,2015.0,103.0,"Comedy,Crime,Drama"
340,84,2014-10-03,Annabelle,6500000.0,84273813.0,256862920.0,2014,Oct,Annabelle - 2014,250362920.0,97.4694673719352,very-low budget,Annabelle,WB (NL),84300000.0,172800000,2014,tt3322940,Annabelle,Annabelle,2014.0,99.0,"Horror,Mystery,Thriller"
341,37,2018-11-30,The Possession of Hannah Grace,6000000.0,14836174.0,42785387.0,2018,Nov,The Possession of Hannah Grace - 2018,36785387.0,85.97652044143015,very-low budget,The Possession of Hannah Grace,SGem,14800000.0,28200000,2018,tt5734576,The Possession of Hannah Grace,The Possession of Hannah Grace,2018.0,86.0,"Horror,Mystery,Thriller"
342,61,2014-07-18,Wish I Was Here,6000000.0,3591299.0,6591365.0,2014,Jul,Wish I Was Here - 2014,591365.0,8.971813880736388,very-low budget,Wish I Was Here,Focus,3600000.0,1900000,2014,tt2870708,Wish I Was Here,Wish I Was Here,2014.0,106.0,"Comedy,Drama"
343,20,2018-09-28,Hell Fest,5500000.0,11107431.0,18119231.0,2018,Sep,Hell Fest - 2018,12619231.0,69.64551089392259,very-low budget,Hell Fest,LGF,11100000.0,7100000,2018,tt1999890,Hell Fest,Hell Fest,2018.0,89.0,Horror
344,49,2017-02-24,Get Out,5000000.0,176040665.0,255367951.0,2017,Feb,Get Out - 2017,250367951.0,98.0420409137402,very-low budget,Get Out,Uni.,176000000.0,79400000,2017,tt5052448,Get Out,Get Out,2017.0,104.0,"Horror,Mystery,Thriller"
345,50,2017-01-20,Split,5000000.0,138141585.0,278964806.0,2017,Jan,Split - 2017,273964806.0,98.20765921275388,very-low budget,Split,Uni.,138300000.0,140200000,2017,,,,,,
347,55,2016-07-22,Lights Out,5000000.0,67268835.0,148806510.0,2016,Jul,Lights Out - 2016,143806510.0,96.63993194921379,very-low budget,Lights Out,WB (NL),67300000.0,81600000,2016,tt4786282,Lights Out,Lights Out,2016.0,81.0,"Drama,Horror,Mystery"
348,55,2016-07-22,Lights Out,5000000.0,67268835.0,148806510.0,2016,Jul,Lights Out - 2016,143806510.0,96.63993194921379,very-low budget,Lights Out,WB (NL),67300000.0,81600000,2016,tt5328340,Lights Out,Lights Out,2016.0,90.0,Documentary
349,56,2015-09-11,The Visit,5000000.0,65206105.0,98677816.0,2015,Sep,The Visit - 2015,93677816.0,94.9330050028671,very-low budget,The Visit,Uni.,65200000.0,33200000,2015,tt3567288,The Visit,The Visit,2015.0,94.0,"Horror,Mystery,Thriller"
350,58,2017-10-13,Happy Death Day,5000000.0,55683845.0,125010260.0,2017,Oct,Happy Death Day - 2017,120010260.0,96.0003282930537,very-low budget,Happy Death Day,Uni.,55700000.0,69800000,2017,tt5308322,Happy Death Day,Happy Death Day,2017.0,96.0,"Horror,Mystery,Thriller"
351,60,2014-10-24,Ouija,5000000.0,50856010.0,103300632.0,2014,Oct,Ouija - 2014,98300632.0,95.15975855791473,very-low budget,Ouija,Uni.,50900000.0,52700000,2014,tt1204977,Ouija,Ouija,2014.0,89.0,"Horror,Mystery,Thriller"
352,64,2017-06-23,The Big Sick,5000000.0,42872467.0,53972860.0,2017,Jun,The Big Sick - 2017,48972860.0,90.73608476556551,very-low budget,The Big Sick,LGF,42900000.0,13500000,2017,tt5462602,The Big Sick,The Big Sick,2017.0,120.0,"Comedy,Drama,Romance"
357,96,2014-10-10,Addicted,5000000.0,17390770.0,17499242.0,2014,Oct,Addicted - 2014,12499242.0,71.42733382394506,very-low budget,Addicted,LGF,17400000.0,,2014,tt2205401,Addicted,Addicted,2014.0,106.0,"Drama,Thriller"
358,96,2014-10-10,Addicted,5000000.0,17390770.0,17499242.0,2014,Oct,Addicted - 2014,12499242.0,71.42733382394506,very-low budget,Addicted,LGF,17400000.0,,2014,tt3435418,Addicted,Addicted,2014.0,97.0,"Documentary,Music"
359,12,2017-03-03,Before I Fall,5000000.0,12241072.0,18945682.0,2017,Mar,Before I Fall - 2017,13945682.0,73.60876214432398,very-low budget,Before I Fall,ORF,12200000.0,,2017,tt1691916,Before I Fall,Before I Fall,2017.0,98.0,"Drama,Fantasy,Mystery"
360,15,2016-01-29,Fifty Shades of Black,5000000.0,11686940.0,22113075.0,2016,Jan,Fifty Shades of Black - 2016,17113075.0,77.38894296700029,very-low budget,Fifty Shades of Black,ORF,11700000.0,10500000,2016,tt4667094,Fifty Shades of Black,Fifty Shades of Black,2016.0,92.0,Comedy
361,22,2016-03-11,The Perfect Match,5000000.0,9669521.0,10182050.0,2016,Mar,The Perfect Match - 2016,5182050.0,50.89397518181505,very-low budget,The Perfect Match,LGF,9700000.0,745000,2016,tt4871980,The Perfect Match,The Perfect Match,2016.0,96.0,"Comedy,Romance"
363,49,2016-03-04,The Other Side of the Door,5000000.0,3000342.0,12905107.0,2016,Mar,The Other Side of the Door - 2016,7905107.0,61.25564863584626,very-low budget,The Other Side of the Door,Fox,3000000.0,11300000,2016,tt3702652,The Other Side of the Door,The Other Side of the Door,2016.0,96.0,Horror
364,51,2014-10-10,Kill the Messenger,5000000.0,2450846.0,6656705.0,2014,Oct,Kill the Messenger - 2014,1656705.0,24.887763540670647,very-low budget,Kill the Messenger,Focus,2500000.0,,2014,tt1216491,Kill the Messenger,Kill the Messenger,2014.0,112.0,"Biography,Crime,Drama"
366,81,2015-01-23,The Boy Next Door,4000000.0,36006065.0,53401938.0,2015,Jan,The Boy Next Door - 2015,49401938.0,92.50963513721169,very-low budget,The Boy Next Door,Uni.,35400000.0,17000000,2015,tt3181822,The Boy Next Door,The Boy Next Door,2015.0,91.0,"Horror,Thriller"
368,89,2014-04-18,A Haunted House 2,4000000.0,17329487.0,21206861.0,2014,Apr,A Haunted House 2 - 2014,17206861.0,81.138179761729,very-low budget,A Haunted House 2,ORF,17300000.0,6600000,2014,tt2828996,A Haunted House 2,A Haunted House 2,2014.0,86.0,"Comedy,Fantasy"
371,91,2018-04-13,Truth or Dare,3500000.0,41411015.0,95127344.0,2018,Apr,Truth or Dare - 2018,91627344.0,96.32072141108029,very-low budget,Truth or Dare,Uni.,41400000.0,53900000,2018,tt6772950,Truth or Dare,Truth or Dare,2018.0,100.0,"Horror,Thriller"
372,91,2018-04-13,Truth or Dare,3500000.0,41411015.0,95127344.0,2018,Apr,Truth or Dare - 2018,91627344.0,96.32072141108029,very-low budget,Truth or Dare,Uni.,41400000.0,53900000,2018,tt6869948,Truth or Dare,Truth or Dare,2018.0,92.0,"Comedy,Drama,Romance"
373,94,2016-02-19,The Witch,3500000.0,25138705.0,40454520.0,2016,Feb,The Witch - 2016,36954520.0,91.34830916298104,very-low budget,The Witch,A24,25100000.0,15300000,2016,,,,,,
374,95,2018-02-02,Winchester,3500000.0,25091816.0,44378040.0,2018,Feb,Winchester - 2018,40878040.0,92.11321635655834,very-low budget,Winchester,LGF,25100000.0,,2018,tt1072748,Winchester,Winchester,2018.0,99.0,"Biography,Drama,Fantasy"
379,10,2016-06-24,Swiss Army Man,3000000.0,4210454.0,5837111.0,2016,Jun,Swiss Army Man - 2016,2837111.0,48.604712159833866,very-low budget,Swiss Army Man,A24,4200000.0,,2016,tt4034354,Swiss Army Man,Swiss Army Man,2016.0,97.0,"Adventure,Comedy,Drama"
388,11,2017-10-06,The Florida Project,2000000.0,5904366.0,11295324.0,2017,Oct,The Florida Project - 2017,9295324.0,82.29355793600963,very-low budget,The Florida Project,A24,5900000.0,,2017,tt5649144,The Florida Project,The Florida Project,2017.0,111.0,Drama
392,37,2014-04-25,Locke,2000000.0,1370646.0,2088390.0,2014,Apr,Locke - 2014,88390.0,4.232447004630361,very-low budget,Locke,A24,1400000.0,,2014,,,,,,
399,14,2015-04-17,Unfriended,1000000.0,32789645.0,64364198.0,2015,Apr,Unfriended - 2015,63364198.0,98.4463412408246,very-low budget,Unfriended,Uni.,32500000.0,31600000,2015,,,,,,
402,41,2014-06-06,Obvious Child,1000000.0,3122616.0,3324070.0,2014,Jun,Obvious Child - 2014,2324070.0,69.91639766912249,very-low budget,Obvious Child,A24,3100000.0,,2014,tt2910274,Obvious Child,Obvious Child,2014.0,84.0,"Comedy,Drama,Romance"
